Image Name,Image Size (bytes),Last Modification Date
Ecological-Medium-Fat-Milk_001.jpg,28171,1692721466.1676357
Ecological-Medium-Fat-Milk_002.jpg,21422,1692721466.1686373
Ecological-Medium-Fat-Milk_003.jpg,28564,1692721466.169637
Ecological-Medium-Fat-Milk_004.jpg,23076,1692721466.1706362
Ecological-Medium-Fat-Milk_005.jpg,27263,1692721466.1716356
Medium-Fat-Milk_001.jpg,25025,1692721466.1726346
Medium-Fat-Milk_002.jpg,15955,1692721466.1736343
Medium-Fat-Milk_003.jpg,29918,1692721466.1746337
Medium-Fat-Milk_004.jpg,25524,1692721466.1756341
Standard-Milk_001.jpg,32825,1692721466.1766326
Standard-Milk_002.jpg,21284,1692721466.1766326
Standard-Milk_003.jpg,23982,1692721466.177632
Standard-Milk_004.jpg,22605,1692721466.1786315
Standard-Milk_005.jpg,19102,1692721466.1796308
Ecological-Medium-Fat-Milk_001.jpg,27387,1692721466.1806307
Ecological-Medium-Fat-Milk_002.jpg,29076,1692721466.1816297
Ecological-Medium-Fat-Milk_003.jpg,24306,1692721466.182629
Ecological-Medium-Fat-Milk_004.jpg,27281,1692721466.182629
Ecological-Medium-Fat-Milk_005.jpg,27366,1692721466.183629
Ecological-Medium-Fat-Milk_006.jpg,25463,1692721466.184628
Ecological-Standard-Milk_001.jpg,23599,1692721466.1856275
Ecological-Standard-Milk_002.jpg,21837,1692721466.186627
Ecological-Standard-Milk_003.jpg,27535,1692721466.1876261
Ecological-Standard-Milk_004.jpg,28137,1692721466.1886258
Ecological-Standard-Milk_005.jpg,21029,1692721466.1886258
Ecological-Standard-Milk_006.jpg,26808,1692721466.1896248
Natural-Oatghurt_001.jpg,21314,1692721466.1956215
Natural-Oatghurt_002.jpg,24144,1692721466.1966212
Natural-Oatghurt_003.jpg,26866,1692721466.1966212
Natural-Oatghurt_004.jpg,22319,1692721466.197621
Natural-Oatghurt_005.jpg,24304,1692721466.1986196
Oat-Milk_001.jpg,15875,1692721466.1906247
Oat-Milk_002.jpg,22431,1692721466.1916237
Oat-Milk_003.jpg,21780,1692721466.1926231
Oat-Milk_004.jpg,17933,1692721466.1936228
Oat-Milk_005.jpg,22815,1692721466.1946223
